{
  "$schema": "https://schema.management.azure.com/schemas/2019-04-01/deploymentTemplate.json#",
  "contentVersion": "1.0.0.0",
  "parameters": {
    "webSiteName": {
      "type": "string"
    },
    "hostingPlanName": {
      "type": "string"
    },
    "linuxFxVersion": {
      "type": "string"
    }
  },
  "resources": [
    {
      "type": "Microsoft.Web/serverfarms",
      "apiVersion": "2021-02-01",
      "name": "[parameters('hostingPlanName')]",
      "location": "[resourceGroup().location]",
      "sku": {
        "name": "F1",
        "tier": "Free"
      },
      "properties": {
        "reserved": true
      }
    },
    {
      "type": "Microsoft.Web/sites",
      "apiVersion": "2021-02-01",
      "name": "[parameters('webSiteName')]",
      "location": "[resourceGroup().location]",
      "properties": {
        "serverFarmId": "[resourceId('Microsoft.Web/serverfarms', parameters('hostingPlanName'))]",
        "siteConfig": {
          "linuxFxVersion": "[parameters('linuxFxVersion')]"
        }
      }
    }
  ]
}
